<?xml version="1.0" encoding="iso-8859-1" standalone="yes"?>

<pattrstorage name = "storage">
	<slot number = "1">
		<patcher name = "samplePlayback">
			<pattr name = "clink1matrix" value = "0 0 1 1 0 0 2 0 0 3 0 0 4 0 0 5 0 0 6 0 0 7 0 0 8 0 0 9 0 0 10 0 0 11 0 0 12 0 0 13 0 0 14 0 0 15 0 0" />
			<pattr name = "clink1rate" value = "4." />
			<pattr name = "clink1sliderOut" value = "111" />
		</patcher>
		<patcher name = "samplePlayback[1]">
			<pattr name = "clankmatrix" value = "0 0 1 1 0 0 2 0 0 3 0 0 4 0 0 5 0 0 6 0 0 7 0 0 8 0 0 9 0 0 10 0 0 11 0 0 12 0 0 13 0 0 14 0 0 15 0 0" />
			<pattr name = "clankrate" value = "1." />
			<pattr name = "clanksliderOut" value = "122" />
		</patcher>
		<patcher name = "samplePlayback[2]">
			<pattr name = "clink1matrix" value = "0 0 0 1 0 0 2 0 0 3 0 0 4 0 0 5 0 0 6 0 0 7 0 1 8 0 0 9 0 0 10 0 0 11 0 0 12 0 0 13 0 0 14 0 0 15 0 0" />
			<pattr name = "clink1rate" value = "1." />
			<pattr name = "clink1sliderOut" value = "63" />
		</patcher>
		<patcher name = "samplePlayback[3]">
			<pattr name = "clankmatrix" value = "0 0 0 1 0 0 2 0 0 3 0 0 4 0 0 5 0 0 6 0 0 7 0 0 8 0 0 9 0 0 10 0 0 11 0 0 12 0 1 13 0 0 14 0 0 15 0 0" />
			<pattr name = "clankrate" value = "0.4" />
			<pattr name = "clanksliderOut" value = "43" />
		</patcher>
		<patcher name = "FMEnvModule">
			<pattr name = "fmOnecar" value = "2." />
			<pattr name = "fmOnedur" value = "200." />
			<pattr name = "fmOnematrtix" value = "0 0 0 1 0 0 2 0 0 3 0 0 4 0 1 5 0 0 6 0 0 7 0 0 8 0 0 9 0 0 10 0 0 11 0 0 12 0 0 13 0 0 14 0 0 15 0 0" />
			<pattr name = "fmOnemod" value = "50." />
			<pattr name = "fmOneoutputSlider" value = "128" />
			<pattr name = "fmOnepresetNmber" value = "0" />
		</patcher>
		<patcher name = "FMEnvModule[1]">
			<pattr name = "fmOnecar" value = "3." />
			<pattr name = "fmOnedur" value = "200." />
			<pattr name = "fmOnematrtix" value = "0 0 1 1 0 0 2 0 0 3 0 0 4 0 0 5 0 0 6 0 0 7 0 0 8 0 0 9 0 0 10 0 0 11 0 0 12 0 0 13 0 0 14 0 0 15 0 0" />
			<pattr name = "fmOnemod" value = "7." />
			<pattr name = "fmOneoutputSlider" value = "117" />
			<pattr name = "fmOnepresetNmber" value = "0" />
		</patcher>
		<patcher name = "FMEnvModule[2]">
			<pattr name = "fmOnecar" value = "20." />
			<pattr name = "fmOnedur" value = "0." />
			<pattr name = "fmOnematrtix" value = "0 0 0 1 0 0 2 0 0 3 0 0 4 0 0 5 0 0 6 0 0 7 0 1 8 0 0 9 0 0 10 0 0 11 0 0 12 0 0 13 0 0 14 0 0 15 0 0" />
			<pattr name = "fmOnemod" value = "1000." />
			<pattr name = "fmOneoutputSlider" value = "106" />
			<pattr name = "fmOnepresetNmber" value = "0" />
		</patcher>
		<patcher name = "sub patch">
			<pattr name = "FlangeLFeedBack" value = "0.18" />
			<pattr name = "FlangeRFeedBack" value = "0.32" />
			<pattr name = "flageDepth" value = "0.33" />
			<pattr name = "flangeLDelayTime" value = "280." />
			<pattr name = "flangeOutputLevel" value = "1." />
			<pattr name = "flangeRDelayTime" value = "530." />
			<pattr name = "flangeRate" value = "0.15" />
			<pattr name = "flangeSlider" value = "93" />
		</patcher>
		<patcher name = "chorus">
			<pattr name = "chdepth" value = "0.65" />
			<pattr name = "chrate" value = "6.3" />
			<pattr name = "dwm" value = "37" />
			<pattr name = "ldlytime" value = "208." />
			<pattr name = "lfeedback" value = "0.63" />
			<pattr name = "opl" value = "1." />
			<pattr name = "rdlytime" value = "359." />
			<pattr name = "rfeedback" value = "0.55" />
		</patcher>
		<patcher name = "vocoder">
		</patcher>
		<patcher name = "forbiddenPlanet">
		</patcher>
		<patcher name = "3rd8vaEQ">
		</patcher>
		<patcher name = "harmGran">
			<pattr name = "hg1" value = "3.27" />
			<pattr name = "hg2" value = "14." />
			<pattr name = "hg3" value = "382" />
			<pattr name = "hg4" value = "68" />
			<pattr name = "hg5" value = "106" />
			<pattr name = "hg6" value = "95" />
		</patcher>
		<patcher name = "filtergraph">
			<pattr name = "freq" value = "0." />
		</patcher>
	</slot>
	<slot number = "2">
		<patcher name = "samplePlayback">
			<pattr name = "clink1matrix" value = "0 0 0 1 0 0 2 0 0 3 0 0 4 0 0 5 0 0 6 0 0 7 0 0 8 0 1 9 0 0 10 0 0 11 0 0 12 0 0 13 0 0 14 0 0 15 0 0" />
			<pattr name = "clink1rate" value = "4." />
			<pattr name = "clink1sliderOut" value = "111" />
		</patcher>
		<patcher name = "samplePlayback[1]">
			<pattr name = "clankmatrix" value = "0 0 1 1 0 0 2 0 0 3 0 0 4 0 0 5 0 0 6 0 0 7 0 0 8 0 0 9 0 0 10 0 0 11 0 0 12 0 1 13 0 0 14 0 0 15 0 0" />
			<pattr name = "clankrate" value = "1." />
			<pattr name = "clanksliderOut" value = "122" />
		</patcher>
		<patcher name = "samplePlayback[2]">
			<pattr name = "clink1matrix" value = "0 0 1 1 0 0 2 0 0 3 0 0 4 0 0 5 0 0 6 0 0 7 0 0 8 0 0 9 0 0 10 0 0 11 0 0 12 0 0 13 0 0 14 0 0 15 0 0" />
			<pattr name = "clink1rate" value = "1." />
			<pattr name = "clink1sliderOut" value = "63" />
		</patcher>
		<patcher name = "samplePlayback[3]">
			<pattr name = "clankmatrix" value = "0 0 0 1 0 0 2 0 0 3 0 0 4 0 0 5 0 0 6 0 0 7 0 0 8 0 0 9 0 0 10 0 0 11 0 0 12 0 1 13 0 0 14 0 0 15 0 0" />
			<pattr name = "clankrate" value = "0.4" />
			<pattr name = "clanksliderOut" value = "43" />
		</patcher>
		<patcher name = "FMEnvModule">
			<pattr name = "fmOnecar" value = "2." />
			<pattr name = "fmOnedur" value = "200." />
			<pattr name = "fmOnematrtix" value = "0 0 0 1 0 0 2 0 0 3 0 0 4 0 1 5 0 0 6 0 0 7 0 0 8 0 0 9 0 0 10 0 0 11 0 0 12 0 0 13 0 0 14 0 0 15 0 0" />
			<pattr name = "fmOnemod" value = "50." />
			<pattr name = "fmOneoutputSlider" value = "128" />
			<pattr name = "fmOnepresetNmber" value = "0" />
		</patcher>
		<patcher name = "FMEnvModule[1]">
			<pattr name = "fmOnecar" value = "3." />
			<pattr name = "fmOnedur" value = "200." />
			<pattr name = "fmOnematrtix" value = "0 0 1 1 0 0 2 0 0 3 0 0 4 0 0 5 0 0 6 0 0 7 0 0 8 0 0 9 0 0 10 0 0 11 0 0 12 0 0 13 0 0 14 0 0 15 0 0" />
			<pattr name = "fmOnemod" value = "7." />
			<pattr name = "fmOneoutputSlider" value = "117" />
			<pattr name = "fmOnepresetNmber" value = "0" />
		</patcher>
		<patcher name = "FMEnvModule[2]">
			<pattr name = "fmOnecar" value = "20." />
			<pattr name = "fmOnedur" value = "0." />
			<pattr name = "fmOnematrtix" value = "0 0 0 1 0 0 2 0 0 3 0 0 4 0 0 5 0 0 6 0 0 7 0 1 8 0 0 9 0 0 10 0 0 11 0 0 12 0 0 13 0 0 14 0 0 15 0 0" />
			<pattr name = "fmOnemod" value = "1000." />
			<pattr name = "fmOneoutputSlider" value = "106" />
			<pattr name = "fmOnepresetNmber" value = "0" />
		</patcher>
		<patcher name = "sub patch">
			<pattr name = "FlangeLFeedBack" value = "0.18" />
			<pattr name = "FlangeRFeedBack" value = "0.32" />
			<pattr name = "flageDepth" value = "0.33" />
			<pattr name = "flangeLDelayTime" value = "280." />
			<pattr name = "flangeOutputLevel" value = "1." />
			<pattr name = "flangeRDelayTime" value = "530." />
			<pattr name = "flangeRate" value = "0.15" />
			<pattr name = "flangeSlider" value = "93" />
		</patcher>
		<patcher name = "chorus">
			<pattr name = "chdepth" value = "0.65" />
			<pattr name = "chrate" value = "6.3" />
			<pattr name = "dwm" value = "37" />
			<pattr name = "ldlytime" value = "208." />
			<pattr name = "lfeedback" value = "0.63" />
			<pattr name = "opl" value = "1." />
			<pattr name = "rdlytime" value = "359." />
			<pattr name = "rfeedback" value = "0.55" />
		</patcher>
		<patcher name = "vocoder">
		</patcher>
		<patcher name = "forbiddenPlanet">
		</patcher>
		<patcher name = "3rd8vaEQ">
		</patcher>
		<patcher name = "harmGran">
			<pattr name = "hg1" value = "3.27" />
			<pattr name = "hg2" value = "14." />
			<pattr name = "hg3" value = "382" />
			<pattr name = "hg4" value = "68" />
			<pattr name = "hg5" value = "106" />
			<pattr name = "hg6" value = "95" />
		</patcher>
		<patcher name = "filtergraph">
			<pattr name = "freq" value = "0." />
		</patcher>
	</slot>
	<slot number = "3">
		<patcher name = "samplePlayback">
			<pattr name = "clink1matrix" value = "0 0 1 1 0 0 2 0 0 3 0 0 4 0 0 5 0 0 6 0 1 7 0 0 8 0 0 9 0 0 10 0 0 11 0 0 12 0 0 13 0 0 14 0 0 15 0 0" />
			<pattr name = "clink1rate" value = "0.03" />
			<pattr name = "clink1sliderOut" value = "85" />
		</patcher>
		<patcher name = "samplePlayback[1]">
			<pattr name = "clankmatrix" value = "0 0 0 1 0 0 2 0 1 3 0 0 4 0 0 5 0 0 6 0 0 7 0 0 8 0 0 9 0 0 10 0 0 11 0 1 12 0 0 13 0 0 14 0 0 15 0 0" />
			<pattr name = "clankrate" value = "289." />
			<pattr name = "clanksliderOut" value = "74" />
		</patcher>
		<patcher name = "samplePlayback[2]">
			<pattr name = "clink1matrix" value = "0 0 0 1 0 1 2 0 0 3 0 0 4 0 0 5 0 0 6 0 0 7 0 0 8 0 0 9 0 1 10 0 0 11 0 0 12 0 0 13 0 0 14 0 0 15 0 0" />
			<pattr name = "clink1rate" value = "22." />
			<pattr name = "clink1sliderOut" value = "92" />
		</patcher>
		<patcher name = "samplePlayback[3]">
			<pattr name = "clankmatrix" value = "0 0 0 1 0 0 2 0 0 3 0 0 4 0 0 5 0 1 6 0 0 7 0 0 8 0 0 9 0 0 10 0 0 11 0 1 12 0 0 13 0 0 14 0 0 15 0 0" />
			<pattr name = "clankrate" value = "30." />
			<pattr name = "clanksliderOut" value = "119" />
		</patcher>
		<patcher name = "FMEnvModule">
			<pattr name = "fmOnecar" value = "10." />
			<pattr name = "fmOnedur" value = "65." />
			<pattr name = "fmOnematrtix" value = "0 0 1 1 0 0 2 0 0 3 0 1 4 0 1 5 0 0 6 0 1 7 0 0 8 0 0 9 0 0 10 0 0 11 0 1 12 0 0 13 0 1 14 0 0 15 0 0" />
			<pattr name = "fmOnemod" value = "2." />
			<pattr name = "fmOneoutputSlider" value = "106" />
			<pattr name = "fmOnepresetNmber" value = "0" />
		</patcher>
		<patcher name = "FMEnvModule[1]">
			<pattr name = "fmOnecar" value = "150." />
			<pattr name = "fmOnedur" value = "75." />
			<pattr name = "fmOnematrtix" value = "0 0 1 1 0 0 2 0 0 3 0 0 4 0 0 5 0 1 6 0 0 7 0 0 8 0 0 9 0 1 10 0 0 11 0 0 12 0 0 13 0 1 14 0 1 15 0 0" />
			<pattr name = "fmOnemod" value = "296." />
			<pattr name = "fmOneoutputSlider" value = "102" />
			<pattr name = "fmOnepresetNmber" value = "0" />
		</patcher>
		<patcher name = "FMEnvModule[2]">
			<pattr name = "fmOnecar" value = "5." />
			<pattr name = "fmOnedur" value = "65." />
			<pattr name = "fmOnematrtix" value = "0 0 1 1 0 1 2 0 1 3 0 0 4 0 1 5 0 1 6 0 0 7 0 0 8 0 1 9 0 0 10 0 0 11 0 1 12 0 1 13 0 1 14 0 0 15 0 0" />
			<pattr name = "fmOnemod" value = "6." />
			<pattr name = "fmOneoutputSlider" value = "117" />
			<pattr name = "fmOnepresetNmber" value = "0" />
		</patcher>
		<patcher name = "sub patch">
			<pattr name = "FlangeLFeedBack" value = "0.18" />
			<pattr name = "FlangeRFeedBack" value = "0.32" />
			<pattr name = "flageDepth" value = "0.09" />
			<pattr name = "flangeLDelayTime" value = "513." />
			<pattr name = "flangeOutputLevel" value = "1." />
			<pattr name = "flangeRDelayTime" value = "749." />
			<pattr name = "flangeRate" value = "0.15" />
			<pattr name = "flangeSlider" value = "57" />
		</patcher>
		<patcher name = "chorus">
			<pattr name = "chdepth" value = "0.5" />
			<pattr name = "chrate" value = "3.05" />
			<pattr name = "dwm" value = "41" />
			<pattr name = "ldlytime" value = "500." />
			<pattr name = "lfeedback" value = "0.67" />
			<pattr name = "opl" value = "1." />
			<pattr name = "rdlytime" value = "718." />
			<pattr name = "rfeedback" value = "0.67" />
		</patcher>
		<patcher name = "vocoder">
		</patcher>
		<patcher name = "forbiddenPlanet">
		</patcher>
		<patcher name = "3rd8vaEQ">
		</patcher>
		<patcher name = "harmGran">
			<pattr name = "hg1" value = "2.28" />
			<pattr name = "hg2" value = "12.1" />
			<pattr name = "hg3" value = "417" />
			<pattr name = "hg4" value = "297" />
			<pattr name = "hg5" value = "80" />
			<pattr name = "hg6" value = "2" />
		</patcher>
		<patcher name = "filtergraph">
			<pattr name = "freq" value = "0." />
		</patcher>
	</slot>
	<slot number = "7">
		<patcher name = "samplePlayback">
			<pattr name = "clink1matrix" value = "0 0 1 1 0 0 2 0 0 3 0 0 4 0 0 5 0 0 6 0 1 7 0 0 8 0 0 9 0 0 10 0 0 11 0 0 12 0 0 13 0 0 14 0 0 15 0 0" />
			<pattr name = "clink1rate" value = "0.03" />
			<pattr name = "clink1sliderOut" value = "85" />
		</patcher>
		<patcher name = "samplePlayback[1]">
			<pattr name = "clankmatrix" value = "0 0 0 1 0 0 2 0 1 3 0 0 4 0 0 5 0 0 6 0 0 7 0 0 8 0 0 9 0 0 10 0 0 11 0 1 12 0 0 13 0 0 14 0 0 15 0 0" />
			<pattr name = "clankrate" value = "289." />
			<pattr name = "clanksliderOut" value = "74" />
		</patcher>
		<patcher name = "samplePlayback[2]">
			<pattr name = "clink1matrix" value = "0 0 0 1 0 1 2 0 0 3 0 0 4 0 0 5 0 0 6 0 0 7 0 0 8 0 0 9 0 1 10 0 0 11 0 0 12 0 0 13 0 0 14 0 0 15 0 0" />
			<pattr name = "clink1rate" value = "22." />
			<pattr name = "clink1sliderOut" value = "92" />
		</patcher>
		<patcher name = "samplePlayback[3]">
			<pattr name = "clankmatrix" value = "0 0 0 1 0 0 2 0 0 3 0 0 4 0 0 5 0 1 6 0 0 7 0 0 8 0 0 9 0 0 10 0 0 11 0 1 12 0 0 13 0 0 14 0 0 15 0 0" />
			<pattr name = "clankrate" value = "30." />
			<pattr name = "clanksliderOut" value = "119" />
		</patcher>
		<patcher name = "FMEnvModule">
			<pattr name = "fmOnecar" value = "10." />
			<pattr name = "fmOnedur" value = "65." />
			<pattr name = "fmOnematrtix" value = "0 0 1 1 0 0 2 0 0 3 0 1 4 0 1 5 0 0 6 0 1 7 0 0 8 0 0 9 0 0 10 0 0 11 0 1 12 0 0 13 0 1 14 0 0 15 0 0" />
			<pattr name = "fmOnemod" value = "4." />
			<pattr name = "fmOneoutputSlider" value = "69" />
			<pattr name = "fmOnepresetNmber" value = "0" />
		</patcher>
		<patcher name = "FMEnvModule[1]">
			<pattr name = "fmOnecar" value = "150." />
			<pattr name = "fmOnedur" value = "75." />
			<pattr name = "fmOnematrtix" value = "0 0 1 1 0 0 2 0 0 3 0 0 4 0 0 5 0 1 6 0 0 7 0 0 8 0 0 9 0 1 10 0 0 11 0 0 12 0 0 13 0 1 14 0 1 15 0 0" />
			<pattr name = "fmOnemod" value = "296." />
			<pattr name = "fmOneoutputSlider" value = "102" />
			<pattr name = "fmOnepresetNmber" value = "0" />
		</patcher>
		<patcher name = "FMEnvModule[2]">
			<pattr name = "fmOnecar" value = "6." />
			<pattr name = "fmOnedur" value = "65." />
			<pattr name = "fmOnematrtix" value = "0 0 1 1 0 1 2 0 1 3 0 0 4 0 1 5 0 1 6 0 0 7 0 0 8 0 1 9 0 0 10 0 0 11 0 1 12 0 1 13 0 1 14 0 0 15 0 0" />
			<pattr name = "fmOnemod" value = "6." />
			<pattr name = "fmOneoutputSlider" value = "117" />
			<pattr name = "fmOnepresetNmber" value = "0" />
		</patcher>
		<patcher name = "sub patch">
			<pattr name = "FlangeLFeedBack" value = "0.18" />
			<pattr name = "FlangeRFeedBack" value = "0.32" />
			<pattr name = "flageDepth" value = "0.09" />
			<pattr name = "flangeLDelayTime" value = "513." />
			<pattr name = "flangeOutputLevel" value = "1." />
			<pattr name = "flangeRDelayTime" value = "749." />
			<pattr name = "flangeRate" value = "0.15" />
			<pattr name = "flangeSlider" value = "57" />
		</patcher>
		<patcher name = "chorus">
			<pattr name = "chdepth" value = "0.5" />
			<pattr name = "chrate" value = "3.05" />
			<pattr name = "dwm" value = "41" />
			<pattr name = "ldlytime" value = "500." />
			<pattr name = "lfeedback" value = "0.67" />
			<pattr name = "opl" value = "1." />
			<pattr name = "rdlytime" value = "718." />
			<pattr name = "rfeedback" value = "0.67" />
		</patcher>
		<patcher name = "vocoder">
		</patcher>
		<patcher name = "forbiddenPlanet">
		</patcher>
		<patcher name = "3rd8vaEQ">
		</patcher>
		<patcher name = "harmGran">
			<pattr name = "hg1" value = "2.28" />
			<pattr name = "hg2" value = "12.1" />
			<pattr name = "hg3" value = "417" />
			<pattr name = "hg4" value = "297" />
			<pattr name = "hg5" value = "80" />
			<pattr name = "hg6" value = "2" />
		</patcher>
		<patcher name = "filtergraph">
			<pattr name = "freq" value = "0." />
		</patcher>
	</slot>
	<slot number = "8">
		<patcher name = "samplePlayback">
			<pattr name = "clink1matrix" value = "" />
			<pattr name = "clink1rate" value = "" />
			<pattr name = "clink1sliderOut" value = "" />
		</patcher>
		<patcher name = "samplePlayback[1]">
			<pattr name = "clankmatrix" value = "" />
			<pattr name = "clankrate" value = "" />
			<pattr name = "clanksliderOut" value = "" />
		</patcher>
		<patcher name = "samplePlayback[2]">
			<pattr name = "clink1matrix" value = "" />
			<pattr name = "clink1rate" value = "" />
			<pattr name = "clink1sliderOut" value = "" />
		</patcher>
		<patcher name = "samplePlayback[3]">
			<pattr name = "clankmatrix" value = "" />
			<pattr name = "clankrate" value = "" />
			<pattr name = "clanksliderOut" value = "" />
		</patcher>
		<patcher name = "FMEnvModule">
			<pattr name = "fmOnecar" value = "" />
			<pattr name = "fmOnedur" value = "" />
			<pattr name = "fmOnematrtix" value = "" />
			<pattr name = "fmOnemod" value = "" />
			<pattr name = "fmOneoutputSlider" value = "" />
			<pattr name = "fmOnepresetNmber" value = "" />
		</patcher>
		<patcher name = "FMEnvModule[1]">
			<pattr name = "fmOnecar" value = "" />
			<pattr name = "fmOnedur" value = "" />
			<pattr name = "fmOnematrtix" value = "" />
			<pattr name = "fmOnemod" value = "" />
			<pattr name = "fmOneoutputSlider" value = "" />
			<pattr name = "fmOnepresetNmber" value = "" />
		</patcher>
		<patcher name = "FMEnvModule[2]">
			<pattr name = "fmOnecar" value = "" />
			<pattr name = "fmOnedur" value = "" />
			<pattr name = "fmOnematrtix" value = "" />
			<pattr name = "fmOnemod" value = "" />
			<pattr name = "fmOneoutputSlider" value = "" />
			<pattr name = "fmOnepresetNmber" value = "" />
		</patcher>
		<patcher name = "sub patch">
			<pattr name = "FlangeLFeedBack" value = "0.18" />
			<pattr name = "FlangeRFeedBack" value = "0.32" />
			<pattr name = "flageDepth" value = "0.25" />
			<pattr name = "flangeLDelayTime" value = "378." />
			<pattr name = "flangeOutputLevel" value = "1." />
			<pattr name = "flangeRDelayTime" value = "702." />
			<pattr name = "flangeRate" value = "0.16" />
			<pattr name = "flangeSlider" value = "60" />
		</patcher>
		<patcher name = "chorus">
			<pattr name = "chdepth" value = "0.7" />
			<pattr name = "chrate" value = "7.18" />
			<pattr name = "dwm" value = "53" />
			<pattr name = "ldlytime" value = "161." />
			<pattr name = "lfeedback" value = "0.63" />
			<pattr name = "opl" value = "1." />
			<pattr name = "rdlytime" value = "237." />
			<pattr name = "rfeedback" value = "0.55" />
		</patcher>
		<patcher name = "vocoder">
		</patcher>
		<patcher name = "forbiddenPlanet">
		</patcher>
		<patcher name = "3rd8vaEQ">
		</patcher>
		<patcher name = "harmGran">
			<pattr name = "hg1" value = "3.58" />
			<pattr name = "hg2" value = "0.84" />
			<pattr name = "hg3" value = "467" />
			<pattr name = "hg4" value = "270" />
			<pattr name = "hg5" value = "80" />
			<pattr name = "hg6" value = "129" />
		</patcher>
		<patcher name = "filtergraph">
			<pattr name = "freq" value = "0." />
		</patcher>
	</slot>
	<slot number = "9">
		<patcher name = "samplePlayback">
			<pattr name = "clink1matrix" value = "" />
			<pattr name = "clink1rate" value = "" />
			<pattr name = "clink1sliderOut" value = "" />
		</patcher>
		<patcher name = "samplePlayback[1]">
			<pattr name = "clankmatrix" value = "" />
			<pattr name = "clankrate" value = "" />
			<pattr name = "clanksliderOut" value = "" />
		</patcher>
		<patcher name = "samplePlayback[2]">
			<pattr name = "clink1matrix" value = "" />
			<pattr name = "clink1rate" value = "" />
			<pattr name = "clink1sliderOut" value = "" />
		</patcher>
		<patcher name = "samplePlayback[3]">
			<pattr name = "clankmatrix" value = "" />
			<pattr name = "clankrate" value = "" />
			<pattr name = "clanksliderOut" value = "" />
		</patcher>
		<patcher name = "FMEnvModule">
			<pattr name = "fmOnecar" value = "" />
			<pattr name = "fmOnedur" value = "" />
			<pattr name = "fmOnematrtix" value = "" />
			<pattr name = "fmOnemod" value = "" />
			<pattr name = "fmOneoutputSlider" value = "" />
			<pattr name = "fmOnepresetNmber" value = "" />
		</patcher>
		<patcher name = "FMEnvModule[1]">
			<pattr name = "fmOnecar" value = "" />
			<pattr name = "fmOnedur" value = "" />
			<pattr name = "fmOnematrtix" value = "" />
			<pattr name = "fmOnemod" value = "" />
			<pattr name = "fmOneoutputSlider" value = "" />
			<pattr name = "fmOnepresetNmber" value = "" />
		</patcher>
		<patcher name = "FMEnvModule[2]">
			<pattr name = "fmOnecar" value = "" />
			<pattr name = "fmOnedur" value = "" />
			<pattr name = "fmOnematrtix" value = "" />
			<pattr name = "fmOnemod" value = "" />
			<pattr name = "fmOneoutputSlider" value = "" />
			<pattr name = "fmOnepresetNmber" value = "" />
		</patcher>
		<patcher name = "sub patch">
			<pattr name = "FlangeLFeedBack" value = "0.18" />
			<pattr name = "FlangeRFeedBack" value = "0.32" />
			<pattr name = "flageDepth" value = "0.33" />
			<pattr name = "flangeLDelayTime" value = "321." />
			<pattr name = "flangeOutputLevel" value = "1." />
			<pattr name = "flangeRDelayTime" value = "640." />
			<pattr name = "flangeRate" value = "0.15" />
			<pattr name = "flangeSlider" value = "81" />
		</patcher>
		<patcher name = "chorus">
			<pattr name = "chdepth" value = "0.7" />
			<pattr name = "chrate" value = "7.18" />
			<pattr name = "dwm" value = "53" />
			<pattr name = "ldlytime" value = "161." />
			<pattr name = "lfeedback" value = "0.63" />
			<pattr name = "opl" value = "1." />
			<pattr name = "rdlytime" value = "237." />
			<pattr name = "rfeedback" value = "0.55" />
		</patcher>
		<patcher name = "vocoder">
		</patcher>
		<patcher name = "forbiddenPlanet">
		</patcher>
		<patcher name = "3rd8vaEQ">
		</patcher>
		<patcher name = "harmGran">
			<pattr name = "hg1" value = "2.99" />
			<pattr name = "hg2" value = "2.54" />
			<pattr name = "hg3" value = "449" />
			<pattr name = "hg4" value = "253" />
			<pattr name = "hg5" value = "106" />
			<pattr name = "hg6" value = "139" />
		</patcher>
		<patcher name = "filtergraph">
			<pattr name = "freq" value = "0." />
		</patcher>
	</slot>
	<slot number = "10">
		<patcher name = "samplePlayback">
			<pattr name = "clink1matrix" value = "" />
			<pattr name = "clink1rate" value = "" />
			<pattr name = "clink1sliderOut" value = "" />
		</patcher>
		<patcher name = "samplePlayback[1]">
			<pattr name = "clankmatrix" value = "" />
			<pattr name = "clankrate" value = "" />
			<pattr name = "clanksliderOut" value = "" />
		</patcher>
		<patcher name = "samplePlayback[2]">
			<pattr name = "clink1matrix" value = "" />
			<pattr name = "clink1rate" value = "" />
			<pattr name = "clink1sliderOut" value = "" />
		</patcher>
		<patcher name = "samplePlayback[3]">
			<pattr name = "clankmatrix" value = "" />
			<pattr name = "clankrate" value = "" />
			<pattr name = "clanksliderOut" value = "" />
		</patcher>
		<patcher name = "FMEnvModule">
			<pattr name = "fmOnecar" value = "" />
			<pattr name = "fmOnedur" value = "" />
			<pattr name = "fmOnematrtix" value = "" />
			<pattr name = "fmOnemod" value = "" />
			<pattr name = "fmOneoutputSlider" value = "" />
			<pattr name = "fmOnepresetNmber" value = "" />
		</patcher>
		<patcher name = "FMEnvModule[1]">
			<pattr name = "fmOnecar" value = "" />
			<pattr name = "fmOnedur" value = "" />
			<pattr name = "fmOnematrtix" value = "" />
			<pattr name = "fmOnemod" value = "" />
			<pattr name = "fmOneoutputSlider" value = "" />
			<pattr name = "fmOnepresetNmber" value = "" />
		</patcher>
		<patcher name = "FMEnvModule[2]">
			<pattr name = "fmOnecar" value = "" />
			<pattr name = "fmOnedur" value = "" />
			<pattr name = "fmOnematrtix" value = "" />
			<pattr name = "fmOnemod" value = "" />
			<pattr name = "fmOneoutputSlider" value = "" />
			<pattr name = "fmOnepresetNmber" value = "" />
		</patcher>
		<patcher name = "sub patch">
			<pattr name = "FlangeLFeedBack" value = "0.18" />
			<pattr name = "FlangeRFeedBack" value = "0.32" />
			<pattr name = "flageDepth" value = "0.33" />
			<pattr name = "flangeLDelayTime" value = "280." />
			<pattr name = "flangeOutputLevel" value = "1." />
			<pattr name = "flangeRDelayTime" value = "530." />
			<pattr name = "flangeRate" value = "0.15" />
			<pattr name = "flangeSlider" value = "93" />
		</patcher>
		<patcher name = "chorus">
			<pattr name = "chdepth" value = "0.65" />
			<pattr name = "chrate" value = "6.3" />
			<pattr name = "dwm" value = "81" />
			<pattr name = "ldlytime" value = "208." />
			<pattr name = "lfeedback" value = "0.63" />
			<pattr name = "opl" value = "1." />
			<pattr name = "rdlytime" value = "359." />
			<pattr name = "rfeedback" value = "0.55" />
		</patcher>
		<patcher name = "vocoder">
		</patcher>
		<patcher name = "forbiddenPlanet">
		</patcher>
		<patcher name = "3rd8vaEQ">
		</patcher>
		<patcher name = "harmGran">
			<pattr name = "hg1" value = "3.27" />
			<pattr name = "hg2" value = "14." />
			<pattr name = "hg3" value = "382" />
			<pattr name = "hg4" value = "68" />
			<pattr name = "hg5" value = "106" />
			<pattr name = "hg6" value = "95" />
		</patcher>
		<patcher name = "filtergraph">
			<pattr name = "freq" value = "0." />
		</patcher>
	</slot>
</pattrstorage>

